{
    "Steve's \"push\" session ResistanceTargeted([MuvrKit.MKMuscleGroup.Arms, MuvrKit.MKMuscleGroup.Shoulders, MuvrKit.MKMuscleGroup.Chest])" : {
        "FEA" : 0.3043478260869565,
        "LEA" : 0.9565217391304348,
        "FLA" : 0.6666666666666667,
        "FWL" : 0,
        "LLA" : 1,
        "LWL" : 0
    },
    "A shoulders session with linear progression; tired at the last set ResistanceTargeted([MuvrKit.MKMuscleGroup.Shoulders])" : {
        "FEA" : 0.8,
        "LEA" : 1,
        "FLA" : 0.45,
        "FWL" : 0.04140587385652383,
        "LLA" : 0.5333333333333333,
        "LWL" : 0.3288364249578415
    },
    "Beginner session week 3 ResistanceTargeted([])" : {
        "FEA" : 0.3333333333333334,
        "LEA" : 0.8333333333333334,
        "FLA" : 0.4166666666666666,
        "FWL" : 0.1848341232227488,
        "LLA" : 0.625,
        "LWL" : 0.3725490196078431
    },
    "Beginner session week 4 ResistanceTargeted([])" : {
        "FEA" : 0.5263157894736843,
        "LEA" : 0.8947368421052632,
        "FLA" : 0.4210526315789473,
        "FWL" : 0.0525328330206379,
        "LLA" : 0.5263157894736843,
        "LWL" : 0.21671388101983
    },
    "skiing workouts: lowerbody ResistanceTargeted([MuvrKit.MKMuscleGroup.Legs])" : {
        "FEA" : 0.5625,
        "LEA" : 0.9375,
        "FLA" : 0.6,
        "FWL" : 0.1065292096219932,
        "LLA" : 0.7666666666666666,
        "LWL" : 0.1757719714964371
    },
    "Lean training: legs, abs ResistanceTargeted([])" : {
        "FEA" : 0.6,
        "LEA" : 0.8666666666666667,
        "FLA" : 0.3666666666666667,
        "FWL" : 0.2341597796143251,
        "LLA" : 0.5666666666666667,
        "LWL" : 0.3414634146341464
    },
    "skiing workouts: cardio IndoorsCardio" : {
        "FEA" : 0,
        "LEA" : 0.6666666666666667
    },
    "Beginner session week 2 ResistanceTargeted([])" : {
        "FEA" : 0.4545454545454546,
        "LEA" : 0.9696969696969697,
        "FLA" : 0.3636363636363636,
        "FWL" : 0.02814814814814815,
        "LLA" : 0.5454545454545454,
        "LWL" : 0.2658486707566462
    },
    "women workouts: legs (day 4) ResistanceTargeted([])" : {
        "FEA" : 0.6666666666666667,
        "LEA" : 0.6666666666666667,
        "FLA" : 0.6666666666666667,
        "FWL" : 0,
        "LLA" : 1,
        "LWL" : 0
    },
    "Beginner session week 1 ResistanceTargeted([])" : {
        "FEA" : 0.3333333333333334,
        "LEA" : 0.962962962962963,
        "FLA" : 0.4074074074074074,
        "FWL" : 0.05286343612334802,
        "LLA" : 0.6111111111111112,
        "LWL" : 0.2060606060606061
    },
    "Lean training: upperbody ResistanceTargeted([])" : {
        "FEA" : 0.6666666666666667,
        "LEA" : 0.8888888888888888,
        "FLA" : 0.3235294117647058,
        "FWL" : 0.07027027027027026,
        "LLA" : 0.5,
        "LWL" : 0.09999999999999999
    },
    "A back session with fairly linear progression, but some tiredness towards the end ResistanceTargeted([MuvrKit.MKMuscleGroup.Back])" : {
        "FEA" : 0.76,
        "LEA" : 1,
        "FLA" : 0.04000000000000004,
        "FWL" : 0.2211747643219724,
        "LLA" : 0.04000000000000004,
        "LWL" : 0.6192170818505338
    },
    "Steve's \"pull\" session ResistanceTargeted([MuvrKit.MKMuscleGroup.Arms, MuvrKit.MKMuscleGroup.Back])" : {
        "FEA" : 0.3043478260869565,
        "LEA" : 0.9565217391304348,
        "FLA" : 0.6666666666666667,
        "FWL" : 0,
        "LLA" : 1,
        "LWL" : 0
    },
    "Lean training: back and biceps ResistanceTargeted([])" : {
        "FEA" : 0.6153846153846154,
        "LEA" : 0.7692307692307692,
        "FLA" : 0.375,
        "FWL" : 0.01497005988023952,
        "LLA" : 0.5833333333333333,
        "LWL" : 0.03846153846153846
    },
    "Trivial session with constant R,W,D,I for biceps curl ResistanceTargeted([MuvrKit.MKMuscleGroup.Arms])" : {
        "FEA" : 0.8333333333333334,
        "LEA" : 1,
        "FLA" : 0.9166666666666666,
        "FWL" : 0,
        "LLA" : 1,
        "LWL" : 0
    },
    "Six group session with mostly linear W; mostly constant R,D,I; with tiredness. ResistanceTargeted([MuvrKit.MKMuscleGroup.Arms])" : {
        "FEA" : 0.75,
        "LEA" : 0.975,
        "FLA" : 0.3375,
        "FWL" : 0.03871713377636521,
        "LLA" : 0.3625,
        "LWL" : 10.15388509238168
    },
    "women workouts: core + legs + cardio (day 3) ResistanceTargeted([])" : {
        "FEA" : 0.5,
        "LEA" : 0.8888888888888888,
        "FLA" : 0.7058823529411764,
        "FWL" : 0,
        "LLA" : 1,
        "LWL" : 0
    },
    "Beginner session week 5 ResistanceTargeted([])" : {
        "FEA" : 0.5,
        "LEA" : 0.9090909090909091,
        "FLA" : 0.5454545454545454,
        "FWL" : 0,
        "LLA" : 0.7272727272727273,
        "LWL" : 0.1012658227848101
    },
    "triathlon circuit workouts: cardio IndoorsCardio" : {
        "FEA" : 0.5555555555555556,
        "LEA" : 0.8888888888888888
    },
    "women workouts: upperbody + cardio (day 2) ResistanceTargeted([])" : {
        "FEA" : 0.6153846153846154,
        "LEA" : 0.9230769230769231,
        "FLA" : 0.6666666666666667,
        "FWL" : 0,
        "LLA" : 1,
        "LWL" : 0
    },
    "A chest session with pyramid-like variation ResistanceTargeted([MuvrKit.MKMuscleGroup.Chest])" : {
        "FEA" : 0.7941176470588236,
        "LEA" : 0.9705882352941176,
        "FLA" : 0.3676470588235294,
        "FWL" : 0.1401839517919442,
        "LLA" : 0.3970588235294118,
        "LWL" : 0.157130657557643
    },
    "Trivial session with increasing linear W; constant R,D,I for arms ResistanceTargeted([MuvrKit.MKMuscleGroup.Arms])" : {
        "FEA" : 0.7857142857142857,
        "LEA" : 0.9285714285714286,
        "FLA" : 0.4285714285714286,
        "FWL" : 0.00689655172413793,
        "LLA" : 0.5,
        "LWL" : 0.1897959183673469
    },
    "women workouts: upperbody + cardio (day 5) ResistanceTargeted([])" : {
        "FEA" : 0.5625,
        "LEA" : 0.875,
        "FLA" : 0.6666666666666667,
        "FWL" : 0,
        "LLA" : 1,
        "LWL" : 0
    },
    "Endurance session ResistanceTargeted([])" : {
        "FEA" : 0.6129032258064516,
        "LEA" : 0.9032258064516129,
        "FLA" : 0.3333333333333334,
        "FWL" : 0.3386666666666667,
        "LLA" : 0.5,
        "LWL" : 1.194285714285714
    },
    "women workouts: lowerbody (day 1) ResistanceTargeted([MuvrKit.MKMuscleGroup.Legs])" : {
        "FEA" : 0.5454545454545454,
        "LEA" : 0.8181818181818181,
        "FLA" : 0.7272727272727273,
        "FWL" : 0,
        "LLA" : 1,
        "LWL" : 0
    },
    "skiing workouts: upperbody ResistanceTargeted([])" : {
        "FEA" : 0.5454545454545454,
        "LEA" : 0.7272727272727273,
        "FLA" : 0.5454545454545454,
        "FWL" : 0,
        "LLA" : 0.8636363636363636,
        "LWL" : 0.03636363636363636
    }
}